Product,Product Price
,
"Realme C11 (Rich Grey, 32 GB)","₹7,499"
,
"Realme C11 (Rich Green, 32 GB)","₹7,499"
,
"POCO M3 (Cool Blue, 64 GB)","₹10,999"
,
"POCO C3 (Arctic Blue, 32 GB)","₹7,499"
,
"Realme Narzo 20A (Glory Silver, 64 GB)","₹9,499"
,
"Realme Narzo 20A (Victory Blue, 64 GB)","₹9,499"
,
"POCO M2 (Slate Blue, 64 GB)","₹9,999"
,
"Redmi 9i (Sea Blue, 64 GB)","₹7,999"
,
"POCO M3 (Power Black, 64 GB)","₹10,999"
,
"Realme Narzo 20A (Glory Silver, 32 GB)","₹8,499"
,
"Redmi 9 Prime (Space Blue, 64 GB)","₹9,499"
,
"Realme Narzo 20 (Victory Blue, 128 GB)","₹11,499"
,
"Realme Narzo 20 (Victory Blue, 64 GB)","₹10,499"
,
"Realme Narzo 20 (Glory Silver, 128 GB)","₹11,499"
,
"POCO C3 (Lime Green, 64 GB)","₹8,499"
,
"POCO C3 (Lime Green, 32 GB)","₹7,499"
,
"POCO C3 (Matte Black, 32 GB)","₹7,499"
,
"POCO M3 (Power Black, 128 GB)","₹11,999"
,
"Redmi 9i (Midnight Black, 64 GB)","₹7,999"
,
"POCO M2 (Pitch Black, 64 GB)","₹9,999"
,
"Redmi 9i (Nature Green, 64 GB)","₹7,999"
,
"Realme 7i (Fusion Green, 64 GB)","₹11,999"
,
"Redmi 9 Prime (Mint Green, 64 GB)","₹9,499"
,
"POCO M2 Pro (Out of the Blue, 64 GB)","₹13,999"
,
"POCO M2 Pro (Out of the Blue, 64 GB)","₹12,999"
,
"Realme X7 (Nebula, 128 GB)","₹19,999"
,
"Infinix Smart 4 Plus (Quetzal Cyan, 32 GB)","₹7,999"
,
"Infinix Smart 4 Plus (Midnight Black, 32 GB)","₹7,999"
,
"Infinix Smart 4 Plus (Ocean Wave, 32 GB)","₹7,999"
,
"Realme 7i (Fusion Blue, 128 GB)","₹12,999"
,
"Infinix Hot 10 (Obsidian Black, 64 GB)","₹9,499"
,
"Infinix Hot 10 (Amber Red, 64 GB)","₹9,499"
,
"Infinix Hot 10 (Ocean Wave, 64 GB)","₹9,499"
,
"Infinix Hot 10 (Moonlight Jade, 64 GB)","₹9,499"
,
"POCO X3 (Cobalt Blue, 128 GB)","₹17,999"
,
"POCO M2 Pro (Green and Greener, 64 GB)","₹12,999"
,
"Realme X7 (Space Silver, 128 GB)","₹21,999"
,
"Infinix Smart 4 Plus (Violet, 32 GB)","₹7,999"
,
"Infinix Smart 5 (Morandi Green, 32 GB)","₹7,199"
,
"Infinix Smart 5 (Aegean Blue, 32 GB)","₹7,199"
,
"Infinix Smart 5 (Obsidian Black, 32 GB)","₹7,199"
,
"Infinix Hot 10 (Ocean Wave, 128 GB)","₹10,999"
,
"Infinix Hot 10 (Amber Red, 128 GB)","₹10,999"
,
"POCO M2 (Brick Red, 64 GB)","₹9,999"
,
"Motorola E7 Power (Coral Red, 64 GB)","₹8,299"
,
"Infinix Smart HD 2021 (Quartz Green, 32 GB)","₹6,499"
,
"POCO X3 (Shadow Gray, 128 GB)","₹17,999"
,
"Realme Narzo 20 Pro (Black Ninja, 64 GB)","₹14,999"
,
"Realme C12 (Power Silver, 32 GB)","₹8,999"
,
"Realme C12 (Power Blue, 32 GB)","₹8,999"
